{"cameraMode":{"drawMode":0,"name":"Shaded","section":"Shading Mode"},"sceneLighting":true,"audioPlay":false,"sceneViewState":{"showFog":true,"showMaterialUpdate":false,"showSkybox":true,"showFlares":true,"showImageEffects":true,"showParticleSystems":true},"in2DMode":false,"pivot":{"x":9.494997024536133,"y":4.879734039306641,"z":-3.140700340270996},"rotation":{"x":-0.0035525162238627674,"y":0.9868564009666443,"z":0.021902069449424745,"w":0.16006939113140107},"size":10.0,"orthographic":false}